Albania,ALB,Europe & Central Asia,Upper middle income,0,0.9940599488241743,0.13502109704641352,0.002002687202589143,0.23798791860291282,0.1937005280951476,0.5021097220118245,0.5,0.667127849909308,0.0016345986186247306,0.00036878233316789215,0.002241992117367428
Armenia,ARM,Europe & Central Asia,Upper middle income,0,0.9147983428780311,0.2067510548523207,0.0022207011537785848,0.2123495334818816,0.14294840827566302,0.31493022514948005,0.25,0.7504421674408156,0.0016061610539031084,0.0003940282565741688,0.0031655556492914483
Azerbaijan,AZE,Europe & Central Asia,Upper middle income,0,0.7966370171804557,0.04852320675105485,0.015190001825953304,0.017443824569158252,0.16634882941113352,0.21940929393245834,0.25,0.34033906170403866,0.00425869374089826,0.0033286820012123986,0.00815486632407106
Central African Republic,CAF,Sub-Saharan Africa,Low income,0,0.06546241013768736,0.7827004219409284,0.00007098131507260181,0.13145139284352161,0.0485046652574291,0.1686140948299584,0.25,0.2701011920385225,0.005515191094780059,0.015293443101545809,0.003215492184936725
Djibouti,DJI,Middle East & North Africa,Lower middle income,0,0.4689898866821006,0.6075949367088608,0.00017745329145901886,0.06960167183178563,0.6467856086038563,0.8834793828362018,0.25,0.3853683078208313,0.0004512782756163064,0.0012296654317478944,0.00037392743507722037
Georgia,GEO,Europe & Central Asia,Upper middle income,0,0.8511941025953453,0.033755274261603366,0.002109158952324698,0.3322686538314897,0.1226562926172863,0.4320026176673476,0.75,0.7116169701215874,0.0024699006744067836,0.000629136168366243,0.005684068858195933
Ghana,GHA,Sub-Saharan Africa,Lower middle income,0,0.49116607773851595,0.18354430379746833,0.0035287853444370835,0.09222645911086505,0.5626791091236764,0.1661473562729824,0.75,0.04686271639739062,0.012333123300242659,0.03524847380210631,0.014670932629542057
India,IND,South Asia,Lower middle income,0,0.6672657487510661,0.4029535864978903,0.5761603872323734,0.10026485340167282,0.1854307715082199,0.1659526129407632,0.75,0.20443052267858733,0.9549717026566593,1,0.835014061054705
Lesotho,LSO,Sub-Saharan Africa,Lower middle income,0,0.0019190934568052388,0.23628691983122363,0.00017745329145901886,0.19001531966712007,0.9777340302647488,1,0.75,0.2533657001130749,0.002641128038643251,0.006426904926867131,0.0015353284976090539
Madagascar,MDG,Sub-Saharan Africa,Low income,0,0.5671073473863776,0.6518987341772152,0.0008264253279314271,0.17666470356832112,0.1962037361683964,0.0688088257808165,0.75,0.029250150545161852,0.008954267406843349,0.029509075212263248,0.01207682374878336
Mali,MLI,Sub-Saharan Africa,Low income,0,0.28822956013159506,0.2278481012658228,0.0007960047330294794,0.17626077071196586,0.21514400728624,0.2982473316774088,0.75,0.10123919775876193,0.009992310238617247,0.041096956009259035,0.009193563474358799
Nepal,NPL,South Asia,Lower middle income,0,0.6905385646399413,0.3016877637130802,0.001576799236603245,0.10844084305589931,0.201105003893137,0.031093799457733527,0.25,0.24835473772325994,0.016390659485151022,0.02149294241863971,0.01704812907060815
Senegal,SEN,Sub-Saharan Africa,Lower middle income,0,0.5490739612525891,0.32911392405063294,0.002834182536492211,0.09395885392317138,0.26346600664024344,0.2725089274255999,0.5,0.2106880525870426,0.0057373313487385415,0.016775315845338985,0.007167632295731631
Sierra Leone,SLE,Sub-Saharan Africa,Low income,0,0.05809065431948347,0.9324894514767933,0.00018759346961292532,0.49250959901980224,0.1505186272213837,0.09889646167321833,0.25,0.11293195989925647,0.004496280096265385,0.017119737319416302,0.004353971829198401
Sao Tome and Principe,STP,Sub-Saharan Africa,Lower middle income,0,0.6721091750944317,0.1371308016877637,0,0.5184140639827955,0.33404594459120107,0.5183381885808811,0.75,0.25236821027610606,0,0.0001108268851120731,0
Chad,TCD,Sub-Saharan Africa,Low income,0,0.18136956256853906,0.7447257383966245,0.00020280375195384212,0.15709700464135712,0.05229645672233614,0.012074001475734413,0,0.08928307695430614,0.008239685696461805,0.03325550386694847,0.0066301764166405335
Togo,TGO,Sub-Saharan Africa,Low income,0,0.3657548434263433,0.5316455696202531,0.000846705684239241,0.07381080754338917,0.18284914298140437,0.12067510547217161,0,0.04977690260378036,0.004207257604874511,0.01189405680528069,0.0033525794289042026
Tanzania,TZA,Sub-Saharan Africa,Lower middle income,0,0.35804800779822094,0.5464135021097046,0.002829112326534798,0.2372996321716231,0.21728897984943826,0.08847777078299661,0.75,0.12716806961127766,0.0211645486168055,0.08769972375205878,0.025561892723244925
Albania,ALB,Europe & Central Asia,Upper middle income,0.07142857142857142,1,0.1329113924050633,0.0019925470244352384,0.22032776356375566,0.18567225806341997,0.49107433874400785,0.25,0.676111124894667,0.0015436533424910844,0.00033490781612436656,0.0021940667855153617
Armenia,ARM,Europe & Central Asia,Upper middle income,0.07142857142857142,0.9175399049591809,0.14345991561181437,0.002235911300128985,0.21171018341464867,0.14328170051492264,0.3082440735222551,0.75,0.7755356973151818,0.001618686790260475,0.00039205528798555406,0.003206284576250244
Azerbaijan,AZE,Europe & Central Asia,Upper middle income,0.07142857142857142,0.8122334592421103,0.006329113924050629,0.01541815547177486,0.0069270758127620985,0.12900121056661965,0.19863680596048608,0.25,0.3501306200119492,0.004169403404201254,0.0032104843418285563,0.008245701526423605
Bangladesh,BGD,South Asia,Lower middle income,0.07142857142857142,0.780370415498964,0.23839662447257387,0.018161077167939785,0.029531743581930996,0.09119643298479906,0.10029211190298847,0.25,0.35823164624526266,0.07840400955282739,0.09344864751745267,0.09440517793203551
Central African Republic,CAF,Sub-Saharan Africa,Low income,0.07142857142857142,0.0780735957109785,0.7426160337552743,0.00007605141170458361,0.13544243079430415,0.0273704273835047,0.1674456348366431,0.25,0.2631645200466758,0.006071399936295168,0.015187325896515664,0.0033082379175681533
Djibouti,DJI,Middle East & North Africa,Lower middle income,0.07142857142857142,0.47962105519678333,0.5232067510548524,0.00017745329145901886,0.0836531694890227,0.6390229397886126,0.8787406645311695,0.25,0.39962817293721636,0.0005912983388675273,0.0012303042717977206,0.0003895455111763013
Ethiopia,ETH,Sub-Saharan Africa,Low income,0.07142857142857142,0.448976483489704,0.6983122362869199,0.002697290010534015,0.13633655545507337,0.390589577441553,0.06394028116708936,0.25,0,0.056040707253709736,0.15894856712954386,0.04533387291413925
Georgia,GEO,Europe & Central Asia,Upper middle income,0.07142857142857142,0.8541488972828075,0.03164556962025317,0.0023423832916254633,0.3081674333684864,0.16893579078374887,0.42421291533198086,0.75,0.6992470602267477,0.0024778724962830727,0.0005822849813394592,0.005560336452472257
Ghana,GHA,Sub-Saharan Africa,Lower middle income,0.07142857142857142,0.5068539052028757,0.17088607594936708,0.004274089284912405,0.09440813551615038,0.3699926822095047,0.1343719551524818,1,0.05503974797151845,0.012695763724244503,0.03534496599883781,0.015059613123223771
India,IND,South Asia,Lower middle income,0.07142857142857142,0.6799987815279641,0.3607594936708861,0.6160823017455457,0.09180001914281787,0.18134043628733926,0.16556312627632477,0.75,0.2383954286307703,0.96514880404032,0.9748803001060209,0.860505869888285
Lesotho,LSO,Sub-Saharan Africa,Lower middle income,0.07142857142857142,0,0.21729957805907174,0.00017745329145901886,0.22630282227391463,0.9056961645100081,0.9724764820690346,0.75,0.2906865429857557,0.002678703629983741,0.006283884971908996,0.0015490488182100311
Madagascar,MDG,Sub-Saharan Africa,Low income,0.07142857142857142,0.5804496161813085,0.6012658227848101,0.0007909346439525296,0.16982592571878674,0.1535476198962106,0.0791626073858657,0.75,0.03553059943370257,0.008850354573874952,0.029390539961096685,0.012245850417235343
Nepal,NPL,South Asia,Lower middle income,0.07142857142857142,0.7060436212988911,0.28270042194092826,0.001287803796575539,0.08646309748343481,0.22255649297612715,0.02898409679178504,0.5,0.27839757455990916,0.0155243951248486,0.020440079033222768,0.017477774041722627
Senegal,SEN,Sub-Saharan Africa,Lower middle income,0.07142857142857142,0.5717680029243329,0.29535864978902954,0.002783481645722679,0.09876088079280339,0.24180685526704349,0.3093151541111103,0.5,0.21667155235203023,0.005806578889532151,0.016417038823093026,0.007196484179328879
Sao Tome and Principe,STP,Sub-Saharan Africa,Lower middle income,0.07142857142857142,0.6907213354453514,0.1371308016877637,0,0.3430600384990747,0.2818902877458061,0.5241804575940556,0.75,0.2710150837056726,0.000009512441612516188,0.00009177331885055278,0.0000073076691129539566
Togo,TGO,Sub-Saharan Africa,Low income,0.07142857142857142,0.37946265383209454,0.5210970464135021,0.0007554440204138566,0.0815839615230357,0.20737594188600336,0.12106459213661004,0,0.0529061295315699,0.003637645677225753,0.01188002373145126,0.0034349632895923554
Tanzania,TZA,Sub-Saharan Africa,Lower middle income,0.07142857142857142,0.38150359449250637,0.49367088607594933,0.0030268461631773437,0.30633786246000777,0.16949452854801464,0.09087958457809844,0.75,0.14907802123674077,0.022169999728832233,0.08491700885646031,0.02650489914184208
Armenia,ARM,Europe & Central Asia,Upper middle income,0.14285714285714285,0.9205556232484463,0.09282700421940929,0.0025958879872340374,0.19266104171575613,0.17029834350867618,0.30217463748767803,0.75,0.8003623290341099,0.0016121844079295899,0.00036739867488834845,0.0031790764772674294
Azerbaijan,AZE,Europe & Central Asia,Upper middle income,0.14285714285714285,0.8272511270866332,0,0.013968108303439824,0.002782491413342838,0.12844512860205498,0.18922427863559604,0.25,0.35890872562619647,0.004186154116279076,0.0030640487475749037,0.008304025406202472
Bangladesh,BGD,South Asia,Lower middle income,0.14285714285714285,0.7936212988911903,0.24050632911392406,0.01922072687294712,0.03356872405740214,0.09751727876564399,0.11772151632299807,0.5,0.37693450641685217,0.08417155203937557,0.08763058776313588,0.09620472866280057
Central African Republic,CAF,Sub-Saharan Africa,Low income,0.14285714285714285,0.09263433654197648,0.7004219409282701,0.00008112150078153684,0.15046094181516328,0.018303984002312715,0.16572541496595772,0.25,0.2563346504947091,0.006227477603503466,0.015129547968439155,0.003373196441557798
Djibouti,DJI,Middle East & North Africa,Lower middle income,0.14285714285714285,0.49116607773851595,0.47679324894514774,0.0001977336628768889,0.07990305847447104,0.6503822837763413,0.8745212824143245,0.25,0.4138467400949185,0.0004802489727772762,0.001219899607588106,0.0004109157001792155
Ethiopia,ETH,Sub-Saharan Africa,Low income,0.14285714285714285,0.4834897039112952,0.6856540084388186,0.002981215240604307,0.16576672230549247,0.38704015425734556,0.06280428355471097,0.25,0.004005756986250007,0.055339589204523226,0.15050149242229366,0.04564855977589431
Georgia,GEO,Europe & Central Asia,Upper middle income,0.14285714285714285,0.8581089314000243,0.03164556962025317,0.0028139021801843974,0.297509411226884,0.14159745608382912,0.41480038800709185,0.5,0.6868374385178837,0.002479642654159909,0.0005567754555249056,0.005422197761628766
Ghana,GHA,Sub-Saharan Africa,Lower middle income,0.14285714285714285,0.5222980382600219,0.14556962025316456,0.004583364839487003,0.10148400801431366,0.39316583062977334,0.14096072737524498,1,0.06324793170205248,0.013070513588336176,0.03525925378535392,0.015459860521556908
Madagascar,MDG,Sub-Saharan Africa,Low income,0.14285714285714285,0.5935177287681248,0.5907172995780591,0.0008314954170083818,0.1383238536864031,0.1599433167358251,0.08961376065702434,0.75,0.04176200142920611,0.009060783709215491,0.029205340283559703,0.012471820506171676
Mongolia,MNG,East Asia & Pacific,Lower middle income,0.14285714285714285,0.712501523090045,0.47890295358649787,0.006560701755346996,0.11564068356258472,0.3192245426062248,0.21746186061026612,0.5,0.608950857304017,0.0030509938230369646,0.0009279874320727167,0.002563775411053933
Nepal,NPL,South Asia,Lower middle income,0.14285714285714285,0.7208785183380043,0.2616033755274262,0.001323294540994671,0.09342740440327724,0.21470110488172683,0.026971761922770995,0.5,0.3091434690147038,0.01499806920137433,0.01956748925279449,0.017884620974223886
Sierra Leone,SLE,Sub-Saharan Africa,Low income,0.14285714285714285,0.11956256853905214,0.8270042194092828,0.0002129439452178057,0.43824227987232306,0.1292676616390083,0.10671860317446935,0.25,0.12208440314549908,0.004847452420886643,0.016768038270004216,0.004538956753798904
Sao Tome and Principe,STP,Sub-Saharan Africa,Lower middle income,0.14285714285714285,0.7085110271719264,0.1540084388185654,0,0.3371629787498548,0.46151260222106655,0.5106783357692615,0.75,0.289803835971549,0.000025068369022655615,0.00008001971194797142,0.000010335580620253926
Togo,TGO,Sub-Saharan Africa,Low income,0.14285714285714285,0.3955769465090777,0.5,0.000719953336434954,0.10435068038812985,0.21411472555417374,0.1072054537666669,0,0.056068701496041,0.003791734433294004,0.011923833947048917,0.0035279160560903362
Tanzania,TZA,Sub-Saharan Africa,Lower middle income,0.14285714285714285,0.40608626782015356,0.48945147679324896,0.002955864674339085,0.2676901269924196,0.260702572689105,0.0821161965350389,0.75,0.17105952065387045,0.022557835963157986,0.08120626945270545,0.027318116878402295
Armenia,ARM,Europe & Central Asia,Upper middle income,0.21428571428571427,0.924546119166565,0.06540084388185653,0.0028443227146461155,0.2544548833192163,0.18400316231382022,0.45092502076818675,0.5,0.8255134926063722,0.0015880829031656163,0.0003606500136956163,0.0032089121014025634
Azerbaijan,AZE,Europe & Central Asia,Upper middle income,0.21428571428571427,0.8409284756914827,0,0.015397875598988888,0,0.11878963947041084,0.17396949777423343,0.25,0.3625799974443674,0.0042185588981513535,0.002976990969350788,0.008481973404624586
Bangladesh,BGD,South Asia,Lower middle income,0.21428571428571427,0.8065371024734983,0.23417721518987342,0.021040890664780185,0.029752977539696347,0.08435961843806998,0.13200259599996592,0.5,0.39559338073922723,0.07577809160652574,0.08323937308853828,0.09701266316212048
Central African Republic,CAF,Sub-Saharan Africa,Low income,0.21428571428571427,0.10862678201535281,0.6497890295358649,0.00004563084702275003,0.11627755509239823,0.016226734331485828,0.16131125856349088,0.25,0.24960114371755676,0.006080016514091869,0.014968781959118639,0.003428407272096821
Ethiopia,ETH,Sub-Saharan Africa,Low income,0.21428571428571427,0.5174241501157549,0.6540084388185654,0.0032499300825632816,0.12675942137107915,0.3832144854114532,0.06186302927455179,0.25,0.008281279054351923,0.054229639460937465,0.1426535363779201,0.04590633350575817
Georgia,GEO,Europe & Central Asia,Upper middle income,0.21428571428571427,0.8636225173632264,0.023206751054852322,0.002413364780463722,0.3521516525970579,0.1614413152454961,0.5637780311692093,0.5,0.6743906344975789,0.003213557695260053,0.0005455843794988421,0.005414029608007955
Ghana,GHA,Sub-Saharan Africa,Lower middle income,0.21428571428571427,0.5367673936883148,0.12025316455696201,0.004350140500186242,0.10611136322054468,0.4143829507007618,0.14579682508473651,1,0.07148012497206899,0.01292701180716514,0.03499437613887071,0.01570384857339296
Lesotho,LSO,Sub-Saharan Africa,Lower middle income,0.21428571428571427,0.024034360911417127,0.2067510548523207,0.00019266357379993566,0.3119272360651728,1,0.9172346873981809,0.75,0.3638116752761424,0.002785116217784911,0.005502315593154628,0.0015869071695099536
Madagascar,MDG,Sub-Saharan Africa,Low income,0.21428571428571427,0.6066163031558426,0.5886075949367089,0.0008619159514701002,0.11731562437274032,0.12889604089846576,0.10003245928559672,0.75,0.04794680007960754,0.009364639900726786,0.028925601883429686,0.01288295251223575
Mali,MLI,Sub-Saharan Africa,Low income,0.21428571428571427,0.35329596685756054,0.14556962025316456,0.001014018744659151,0.16806392594347136,0.20457330833128134,0.32437522259365636,0.75,0.1371715572670313,0.010886198983885521,0.04140892866583959,0.01010371698922785
Nepal,NPL,South Asia,Lower middle income,0.21428571428571427,0.7351041793590838,0.22151898734177217,0.0014753973341837215,0.1012364866204761,0.24036233394014822,0.026939307280184413,0.5,0.3405859782352977,0.015051277472502437,0.018627088414183098,0.018300530418627368
Senegal,SEN,Sub-Saharan Africa,Lower middle income,0.21428571428571427,0.6179176312903619,0.19831223628691985,0.003224579758058977,0.08487687954410118,0.26001282963719524,0.312658245401422,0.5,0.22851836400516018,0.005712074424109387,0.015300002882272767,0.007486596154091348
Sierra Leone,SLE,Sub-Saharan Africa,Low income,0.21428571428571427,0.14965882782990142,0.7974683544303797,0.00022308412337171212,0.4295118567156944,0.11631585765784706,0.11097046314895258,0.25,0.12667882108705683,0.004560347660444995,0.016634376465078385,0.004539943914681321
Sao Tome and Principe,STP,Sub-Saharan Africa,Lower middle income,0.21428571428571427,0.7255087120750581,0.18143459915611815,0.0000050700966319817875,0.2800178248789933,0.3962509775334748,0.4911067779098931,0.75,0.30872351565354905,0.000029565842645352985,0.00007769588395504037,0.000009252073165384537
Togo,TGO,Sub-Saharan Africa,Low income,0.21428571428571427,0.4137626416473741,0.48523206751054854,0.0007554440204138566,0.10294287708801188,0.19403471268310649,0.09201558219047683,0,0.059263900576373804,0.003862491497427345,0.011828440561714832,0.0036656413797532153
Tanzania,TZA,Sub-Saharan Africa,Lower middle income,0.21428571428571427,0.4320092603874741,0.49367088607594933,0.0030420563095277437,0.1958493501935252,0.27429155613449646,0.07364492349030805,0.5,0.19312188661500126,0.0226615634759831,0.07837374871958792,0.027823163674374915
Samoa,WSM,East Asia & Pacific,Lower middle income,0.21428571428571427,0.8700804191543804,0.03164556962025317,0.00004563084702275003,0.14715723493018773,0.35968932667563314,0.16491398699449458,1,0.7797617512375467,0.0000483886891671396,0.00000020809002833423833,0.00005496085692546711
Armenia,ARM,Europe & Central Asia,Upper middle income,0.2857142857142857,0.929785548921652,0.04008438818565402,0.0022460517200438125,0.352103387424615,0.24353656698901513,0.5822785084397228,0.5,0.8509918029141942,0.0015706326120406133,0.000349159317331474,0.003195200063804607
Azerbaijan,AZE,Europe & Central Asia,Upper middle income,0.2857142857142857,0.8529913488485437,0,0.012888178725646512,0.03653526974336818,0.18859965046489016,0.1700746466065504,0.25,0.3645094625309463,0.004207698526612111,0.0028901238623143797,0.008626784981603249
Bangladesh,BGD,South Asia,Lower middle income,0.2857142857142857,0.8191178262458876,0.25949367088607594,0.022648109506576617,0.03367698618215875,0.07409816080027937,0.14605647770212826,0.5,0.4141934331927261,0.07422568831325413,0.07809359682548414,0.09852224487204087
Central African Republic,CAF,Sub-Saharan Africa,Low income,0.2857142857142857,0.12562446691848428,0.620253164556962,0.00004563084702275003,0.1559005888097717,0.013069434661511297,0.16186303391756227,0.25,0.24295832284023414,0.006460204832359166,0.01481934446373259,0.003519887600878682
Ethiopia,ETH,Sub-Saharan Africa,Low income,0.2857142857142857,0.5498355062751311,0.5485232067510548,0.0032702106806320134,0.1467433392086344,0.29533666537046005,0.061019154398853075,0.25,0.012482926021136506,0.05471653425491501,0.13608772954606885,0.04601237259284978
Georgia,GEO,Europe & Central Asia,Upper middle income,0.2857142857142857,0.8707505787742172,0.052742616033755275,0.0028088319702269837,0.4128915003578523,0.18842766087626212,0.6559558401425154,0.5,0.6619062831243013,0.0026650125876235787,0.0005299666388528181,0.005449048125540814
Ghana,GHA,Sub-Saharan Africa,Lower middle income,0.2857142857142857,0.5498355062751311,0.08649789029535865,0.005034603371738108,0.13442191317466584,0.3751265342488475,0.15309964587450242,1,0.07972812943665633,0.01308398893314839,0.03457869947855672,0.016074620060692307
India,IND,South Asia,Lower middle income,0.2857142857142857,0.7203911295235774,0.2911392405063291,0.7933682978531307,0.08371328173473463,0.193406456705871,0.163713087835294,0.75,0.3441311866632873,0.9781311073974305,0.8857312089575013,0.9151327017361084
Madagascar,MDG,Sub-Saharan Africa,Low income,0.2857142857142857,0.6198671865480688,0.5738396624472574,0.0008162851497775227,0.13412751987226781,0.1530271893868301,0.11278805468574774,0.25,0.05408043879537411,0.009637377586743408,0.028853535988535788,0.013225201911326784
Mali,MLI,Sub-Saharan Africa,Low income,0.2857142857142857,0.3704459607652004,0.10337552742616035,0.001232032816729057,0.1779615994909267,0.24605403139505844,0.2851996058022274,0.75,0.1492936990993643,0.011293943742391068,0.04144797189825344,0.010456822397024465
Mongolia,MNG,East Asia & Pacific,Lower middle income,0.2857142857142857,0.7408614597294991,0.3607594936708861,0.006875047519879017,0.13645703813875515,0.35974635200681016,0.17396949777423343,0.5,0.6431770838558291,0.0030590411390550363,0.0009062469689462197,0.00268296848386833
Nepal,NPL,South Asia,Lower middle income,0.2857142857142857,0.7488424515657365,0.18354430379746833,0.0019266357455543879,0.10578513270173785,0.3168746060453122,0.03411230176125491,0.5,0.3727194680365273,0.015073942611345025,0.01774356867754526,0.018739714730638863
Senegal,SEN,Sub-Saharan Africa,Lower middle income,0.2857142857142857,0.6400633605458754,0.17932489451476794,0.0033411919277093597,0.10299337505513813,0.33977418584999464,0.31518989324357216,0.5,0.23437958879666135,0.005808325500426669,0.014835506787337572,0.007706037753124277
Sierra Leone,SLE,Sub-Saharan Africa,Low income,0.2857142857142857,0.17890215669550397,0.6835443037974683,0.00022308412337171212,0.4957978457637483,0.14883973688248772,0.11518986848084954,0.5,0.131281498027921,0.004850654450985948,0.016310813075894763,0.004606827639343257
Sao Tome and Principe,STP,Sub-Saharan Africa,Lower middle income,0.2857142857142857,0.741531619349336,0.20253164556962025,0.0000050700966319817875,0.28451665663426456,0.8528177902036198,0.47708538180371873,0.75,0.327758208509101,0.000008781586420881663,0.0000697831721089901,0.000010769016569377885
Chad,TCD,Sub-Saharan Africa,Low income,0.2857142857142857,0.2361094187888387,0.7004219409282701,0.0003599766795500199,0.1354754940179755,0.10727702397034501,0.014897760447036456,0,0.09140130283872122,0.008898648715616908,0.03359926143086889,0.0075310431191822754
Togo,TGO,Sub-Saharan Africa,Low income,0.2857142857142857,0.4332581942244425,0.43248945147679324,0.0013892056989950625,0.11569196855600662,0.24595066767070084,0.07734501584907054,0,0.0624838647711736,0.004021695341097254,0.011556864516347708,0.0038016365860089807
Tanzania,TZA,Sub-Saharan Africa,Lower middle income,0.2857142857142857,0.459089801389058,0.510548523206751,0.0029660048524929893,0.16911079649449265,0.2542275630472246,0.06491399008983478,0.5,0.21297974045712267,0.023573474650122314,0.0759129370511477,0.028679108437234587
Armenia,ARM,Europe & Central Asia,Upper middle income,0.35714285714285715,0.9362739125137078,0.025316455696202535,0.002159860084855148,0.39495197371764335,0.19079988490826455,0.6007789857102364,0.5,0.8767968773173834,0.0015470065406219115,0.0003361307571103661,0.003181421638555573
Azerbaijan,AZE,Europe & Central Asia,Upper middle income,0.35714285714285715,0.8633788229560132,0,0.012284837279325887,0.02983326071725697,0.1490607419103942,0.16650438829483458,0.25,0.3662500645383626,0.004279461999554592,0.0028314896435677867,0.0087654720402139
Bolivia,BOL,Latin America & Caribbean,Lower middle income,0.35714285714285715,0.7740952845132205,0.37763713080168776,0.007650771753055095,0.17664769481502768,0.597248145335558,0.06861409018694795,0.75,0.6117512356883096,0.00703310075517545,0.004991584441632497,0.007635628312594381
Central African Republic,CAF,Sub-Saharan Africa,Low income,0.35714285714285715,0.14368831485317407,0.5864978902953587,0.00004563084702275003,0.1022068548596006,0.0008635067147384733,0.16767283281144857,0.25,0.23640465085493745,0.006708052818822015,0.014749054273127025,0.003639903699246978
Djibouti,DJI,Middle East & North Africa,Lower middle income,0.35714285714285715,0.5320762763494576,0.41983122362869196,0.00022308412337171212,0.06076961998042343,0.30140977815520814,0.8619928927273305,0.25,0.4562800891083119,0.0005171909525706652,0.001216820501921436,0.00046984803040387184
Ethiopia,ETH,Sub-Saharan Africa,Low income,0.35714285714285715,0.5797489947605703,0.46835443037974683,0.003239789904409377,0.19094121659027097,0.30197743940646943,0.05968841345425546,0.25,0.016618060922399713,0.05247743067580569,0.12960294502695724,0.04601969864116346
Georgia,GEO,Europe & Central Asia,Upper middle income,0.35714285714285715,0.8792798830266843,0.08860759493670886,0.002656729297918392,0.3861843319034563,0.15111301644083452,0.6394028271475962,0.75,0.6493808345216222,0.0026314450162198987,0.0005017022501362608,0.005417989336750621
Ghana,GHA,Sub-Saharan Africa,Lower middle income,0.35714285714285715,0.5615632996222737,0.07594936708860758,0.005632874124579514,0.12516444113348266,0.395013162408898,0.15839013953360523,1,0.08798645616058909,0.013264348212573199,0.03394890383614019,0.016450469028843468
Honduras,HND,Latin America & Caribbean,Lower middle income,0.35714285714285715,0.9358474473010842,0.2805907172995781,0.004106776224492491,0.3673450545011596,0.5072431784589573,0.1174943183481926,0.5,0.7340452530168194,0.0072015937934957475,0.002020826039273521,0.00541501660405449
India,IND,South Asia,Lower middle income,0.35714285714285715,0.7340684781284269,0.28270042194092826,0.8415848785797239,0.07216988532238763,0.20226794671254753,0.16377799712046687,0.75,0.37969002093556903,0.98997321518179,0.8565978606201593,0.9349727402721528
Madagascar,MDG,Sub-Saharan Africa,Low income,0.35714285714285715,0.6333922261484098,0.5421940928270043,0.0009075468136029072,0.1468066260824234,0.14633206706574153,0.12268744807953631,0.25,0.060165324968776066,0.009564183859310066,0.028823906866214666,0.013463420171610766
Mali,MLI,Sub-Saharan Africa,Low income,0.35714285714285715,0.38552455221152665,0.06962025316455696,0.0013689253426872484,0.1483031138222306,0.19925588741661387,0.2456994425849359,0.75,0.16149287619493835,0.011288365444305188,0.041673198606415676,0.010688381164088608
Mongolia,MNG,East Asia & Pacific,Lower middle income,0.35714285714285715,0.7549957353478736,0.29535864978902954,0.00721474385067623,0.09746607584858857,0.31521173549021153,0.19636482621243062,0.5,0.6602156506850636,0.003080644866213758,0.0008969024121213203,0.0027594536101364885
Malawi,MWI,Sub-Saharan Africa,Low income,0.35714285714285715,0.3950590958937492,0.2742616033755274,0.0004106776005396659,0.28701962163945755,0.21671417980858176,0.1750730330056749,0.5,0.3153694270996748,0.006989255015864033,0.028758674244124868,0.00861136903550326
Nepal,NPL,South Asia,Lower middle income,0.35714285714285715,0.7620324113561595,0.15611814345991562,0.0023119627571637448,0.13060380503678945,0.22490553718834047,0.04284323516172819,0.25,0.40553816832277795,0.015070979466280074,0.01681447002111627,0.01915802908933735
Senegal,SEN,Sub-Saharan Africa,Lower middle income,0.35714285714285715,0.6606859997563057,0.18565400843881857,0.0035237153762405875,0.11306508804679681,0.3662418856687796,0.31691009763755423,0.5,0.24547343581712353,0.0052740264968404145,0.015089762237594458,0.0074416313570802185
Sierra Leone,SLE,Sub-Saharan Africa,Low income,0.35714285714285715,0.20674424271962955,0.5611814345991561,0.00024336450989963929,0.4874026481761201,0.13195265389018146,0.11911717429111918,0.5,0.13589115745531877,0.004745642639010752,0.015884861456616675,0.004752991076591079
Sao Tome and Principe,STP,Sub-Saharan Africa,Lower middle income,0.35714285714285715,0.7565188253929575,0.22151898734177217,0.000010140189486449192,0.265545049475017,0.7613486490823336,0.45780590025092566,0.75,0.346902618735215,0.000011536044108192897,0.00006010208165524357,0.00001476719328129123
Chad,TCD,Sub-Saharan Africa,Low income,0.35714285714285715,0.2526806384793469,0.609704641350211,0.0005881308995537122,0.11482912683728123,0.07788728584228828,0.015060045267494049,0,0.09246780390788487,0.009053403977108323,0.03359247654825523,0.007771428518002908
Togo,TGO,Sub-Saharan Africa,Low income,0.35714285714285715,0.4530583648105277,0.3860759493670886,0.0012928740065329526,0.1361934622745397,0.2663105168446487,0.06270691188860152,0.25,0.06573218716942326,0.004094724059906413,0.011221633759801898,0.0039031606946927323
Tanzania,TZA,Sub-Saharan Africa,Lower middle income,0.35714285714285715,0.48705373461679063,0.4873417721518988,0.003462874065556233,0.17781775825651372,0.30599734281928337,0.08068809166268252,0.25,0.23256233329497555,0.02376420664488004,0.07364666595422903,0.029204299455345088
Samoa,WSM,East Asia & Pacific,Lower middle income,0.35714285714285715,0.8854636286097233,0.03586497890295359,0.00005577103273168504,0.18149679982225633,0.4225849950185169,0.16968517541881328,1,0.7773390439504224,0.00005164751962073871,0,0.00005778334171605452
Armenia,ARM,Europe & Central Asia,Upper middle income,0.42857142857142855,0.9436152065310102,0.018987341772151896,0.0024640656712332544,0.4025563403274654,0.18142956492530005,0.5822785084397228,0.5,0.9029293549435472,0.0015284729085623331,0.0003231323135763239,0.003167299818957418
Bangladesh,BGD,South Asia,Lower middle income,0.42857142857142855,0.8426038747410747,0.2805907172995781,0.02755088939128451,0.044513809980721936,0.09132208418024561,0.10616682782039828,0.25,0.45116247430284545,0.0675925752935161,0.07060724899383361,0.09968633259459735
Bolivia,BOL,Latin America & Caribbean,Lower middle income,0.42857142857142855,0.7897526501766784,0.31223628691983124,0.008380865547180056,0.1750651294571543,0.5313039163856526,0.056799741328605435,0.75,0.6354590698261574,0.00703892980166082,0.004917972746727609,0.007807234003240694
Central African Republic,CAF,Sub-Saharan Africa,Low income,0.42857142857142855,0.16312294382843925,0.5717299578059072,0.00005577103273168504,0.10473626210796382,0,0.16601752222593572,0.25,0.2299304023234448,0.006736506021615864,0.014618249768537449,0.0037155591241080565
Ethiopia,ETH,Sub-Saharan Africa,Low income,0.42857142857142855,0.606494455952236,0.3881856540084388,0.0037822900400456575,0.1369539402354575,0.3901261935097463,0.05881207619761948,0.5,0.020684094960268247,0.05150635959594658,0.12284835003290864,0.04668936777326533
Georgia,GEO,Europe & Central Asia,Upper middle income,0.42857142857142855,0.8888144267089069,0.12025316455696201,0.0032651404706745997,0.32886410581935965,0.1308387265100494,0.6209022879702755,0.75,0.6368168861473498,0.002578908822701609,0.00048003626476291297,0.005350493494044543
Ghana,GHA,Sub-Saharan Africa,Lower middle income,0.42857142857142855,0.5722553917387596,0.07594936708860758,0.005916799596410723,0.15000448442603462,0.626742182029468,0.16540085306339314,1,0.09624707151196737,0.01352979244550183,0.032775346647058584,0.016922746946178322
Honduras,HND,Latin America & Caribbean,Lower middle income,0.42857142857142855,0.9435238211283051,0.22995780590717302,0.004426192198981915,0.3709449360527278,0.44486345763555996,0.1288542635185735,0.5,0.741704506511562,0.006862934982370806,0.0019663597665257036,0.0056511972868043
India,IND,South Asia,Lower middle income,0.42857142857142855,0.7473802851224562,0.2721518987341772,0.8906431122251611,0.07077461273667454,0.23956119602558545,0.15988316142948514,0.75,0.4154019287092049,1,0.8306011396008359,0.9613805148986022
Lesotho,LSO,Sub-Saharan Africa,Lower middle income,0.42857142857142855,0.11002802485682958,0.20042194092827004,0.00024843459897659246,0.4126046433464547,0.628892487438466,0.8355728635977033,0.75,0.47016044781371,0.0029353373370704754,0.00491337722516895,0.0016422977123682517
Madagascar,MDG,Sub-Saharan Africa,Low income,0.42857142857142855,0.6470391129523577,0.5232067510548524,0.0010697898453860969,0.13530042234602396,0.11350965470832697,0.06309639855303996,0.25,0.06620088376830408,0.009635460754533965,0.02846564461742466,0.013786109444508289
Mali,MLI,Sub-Saharan Africa,Low income,0.42857142857142855,0.39923236261727796,0.03586497890295359,0.001541308492184113,0.11237205293483868,0.23582287112025532,0.2077247713828115,0.75,0.1737570902746074,0.011289126497153535,0.041792494833007586,0.010883996313446675
Mongolia,MNG,East Asia & Pacific,Lower middle income,0.42857142857142855,0.7683380041428048,0.24472573839662448,0.00793469674136448,0.08916632495615977,0.3119973679962646,0.1385913682227291,0.75,0.6846403842234975,0.0030739291230583595,0.0008828973386712174,0.0028137303157378104
Malawi,MWI,Sub-Saharan Africa,Low income,0.42857142857142855,0.44370659193371514,0.23628691983122363,0.00043095798706759307,0.3006799109342585,0.27132492163664634,0.1759169156197246,0.5,0.3197517992982854,0.007282723033718139,0.026639891197578126,0.00889392695271963
Nepal,NPL,South Asia,Lower middle income,0.42857142857142855,0.7747349823321557,0.12869198312236285,0.0025958879872340374,0.1355125578684359,0.2436996330906485,0.04965920149012152,0.5,0.439036400128135,0.015155259688182088,0.016006149617170402,0.01963156964952077
Senegal,SEN,Sub-Saharan Africa,Lower middle income,0.42857142857142855,0.6793895455099304,0.189873417721519,0.0037975004281569757,0.12316132118370564,0.33819685329165905,0.32002595999965905,0.75,0.25670497127590564,0.005400042396791034,0.014702503479704612,0.0076368885241136965
Sierra Leone,SLE,Sub-Saharan Africa,Low income,0.42857142857142855,0.2326976970878519,0.46202531645569617,0.00033462620394513956,0.6139527470754466,0.1391049349485767,0.12314184402914727,0.5,0.14050853467963798,0.004776622019586998,0.015508692191981385,0.00485170852472882
Sao Tome and Principe,STP,Sub-Saharan Africa,Lower middle income,0.42857142857142855,0.7703789448032169,0.2320675105485232,0.000010140189486449192,0.2607343756005203,0.6935891279208952,0.44167478213292677,0.75,0.3661440716368859,0.000006395432296693678,0.00006198189200508319,0.000012135052724303727
Chad,TCD,Sub-Saharan Africa,Low income,0.42857142857142855,0.2689472401608383,0.4957805907172996,0.0005171495920361415,0.10672256654267817,0.10247914121635965,0.016228497522458696,0,0.09370049570132069,0.009082081505352037,0.033939019132462944,0.007974795115874588
Togo,TGO,Sub-Saharan Africa,Low income,0.42857142857142855,0.4720665285731692,0.35654008438818563,0.0012371029058060067,0.14156249233339496,0.2852872892735812,0.04803635328554592,0.25,0.06903293209297161,0.004142937315067888,0.01087618530669564,0.003999726746120461
Tanzania,TZA,Sub-Saharan Africa,Lower middle income,0.42857142857142855,0.5157182892652613,0.4578059071729958,0.004111845950928068,0.16872761482596194,0.2183619016821887,0.09639727621200675,0.5,0.2507329360801782,0.02441115243464707,0.07154765809418483,0.02982711810916601
Samoa,WSM,East Asia & Pacific,Lower middle income,0.42857142857142855,0.8928658462288291,0.033755274261603366,0.00006084112936366683,0.1895205859523575,0.490311541770869,0.16812722876105954,1,0.7761375432918131,0.000052101023715301907,0.00000004322151576197406,0.000059619695848480995
Armenia,ARM,Europe & Central Asia,Upper middle income,0.5,0.9511697331546238,0.01476793248945148,0.002859532860996516,0.38949374283458293,0.1483353474033002,0.5452774919918887,0.75,0.9293898665565727,0.0015087710945326535,0.0003043861003157776,0.0031301304404311604
Bangladesh,BGD,South Asia,Lower middle income,0.5,0.8532655050566588,0.27004219409282704,0.02936091469729009,0.04381288944986746,0.09513615249304457,0.11746186370560634,0.25,0.46950025391233874,0.06452354304404007,0.06633190688898191,0.10019936919176751
Bolivia,BOL,Latin America & Caribbean,Lower middle income,0.5,0.8046484708175948,0.29957805907172996,0.008791542883293679,0.1794428333187407,0.605268405475388,0.0509574800537822,0.75,0.6594679459610872,0.006927102666162256,0.004847312934835649,0.007974824126989646
Central African Republic,CAF,Sub-Saharan Africa,Low income,0.5,0.18408066284878757,0.6434599156118144,0.00006084112936366683,0.10833223288581387,0.07774534928307528,0.16377799712046687,0.25,0.22353405156382344,0.0065626604486432065,0.014364965174456177,0.003731844414644508
Ethiopia,ETH,Sub-Saharan Africa,Low income,0.5,0.6301328134519312,0.35654008438818563,0.0042588786550401695,0.1407763331739917,0.39734618683731504,0.05800064822615635,0.5,0.024686496753097618,0.050675189046947546,0.1175665062521055,0.047015145946946134
Georgia,GEO,Europe & Central Asia,Upper middle income,0.5,0.8986840502010477,0.11181434599156118,0.0036048368014718383,0.3306349577460089,0.07112889174912682,0.6215514427288078,0.75,0.6242109015418557,0.002632589291711769,0.00046875068745662405,0.005230219551149371
Ghana,GHA,Sub-Saharan Africa,Lower middle income,0.5,0.5825819422444254,0.08227848101265824,0.007366846281223884,0.11330879014383782,0.6069740237824744,0.17562479288304497,1,0.10450302680762609,0.013742536554775734,0.031736192662481566,0.01731673956458848
India,IND,South Asia,Lower middle income,0.5,0.7600219324966492,0.2616033755274262,0.9680634215076993,0.07526786981256543,0.24591680091291526,0.1594936747650467,0.75,0.4512662147499658,0.9905692250740966,0.7952247094780738,0.981453377935232
Lesotho,LSO,Sub-Saharan Africa,Lower middle income,0.5,0.14685634214694765,0.25949367088607594,0.0002737850745814729,0.39589513812762916,0.5844211002011449,0.8071729929334006,0.75,0.5047696729781186,0.002966039366549651,0.00501932239879879,0.0016777816028021805
Madagascar,MDG,Sub-Saharan Africa,Low income,0.5,0.660564152552699,0.5675105485232067,0.0013486449863794345,0.10196095894029253,0.10985510434876106,0.0032457002783268067,0.25,0.07218752194954325,0.009914888839244101,0.02807468854781878,0.014090845081708657
Mali,MLI,Sub-Saharan Africa,Low income,0.5,0.4124527842086024,0.029535864978902954,0.0015362384031071634,0.09815379393214071,0.21133973356273816,0.19961052262158216,0.5,0.1860749929899711,0.011990820099297158,0.04211836577089383,0.011162317165550573
Mongolia,MNG,East Asia & Pacific,Lower middle income,0.5,0.7804922627025709,0.2109704641350211,0.00864957990561716,0.10371666034010835,0.36423414358772355,0.11035378624805933,0.75,0.7087910512014327,0.003066015539520017,0.0008644568097843886,0.002843569937143059
Nepal,NPL,South Asia,Lower middle income,0.5,0.7868587790910199,0.10970464135021098,0.003001495596912121,0.13813427615633772,0.1944606817087273,0.05939629845592646,0.5,0.47320780946477775,0.01505807554022197,0.015184244918730607,0.02009997421211461
Senegal,SEN,Sub-Saharan Africa,Lower middle income,0.5,0.6961435360058484,0.19831223628691985,0.003736659117472621,0.12601463630312143,0.3269649451967764,0.2901006127968918,0.75,0.2680745305930307,0.00529380092904457,0.01453200041986992,0.007673244561194066
Sierra Leone,SLE,Sub-Saharan Africa,Low income,0.5,0.2565797489947606,0.45991561181434604,0.0003954673333088067,0.4682974717205701,0.15720752434797317,0.1265173590086442,0.5,0.14513227164183531,0.004825730239824505,0.015093546724910077,0.004961968729061414
Sao Tome and Principe,STP,Sub-Saharan Africa,Lower middle income,0.5,0.7832033629828195,0.2278481012658228,0.000020280375195384197,0.2456066611627944,0.4662071212506951,0.42486207009051336,0.75,0.38547519180698187,0.000005278478494230083,0.00006446102442753181,0.000012668626471143144
Chad,TCD,Sub-Saharan Africa,Low income,0.5,0.28429998781527954,0.4831223628691983,0.0009024767245259524,0.10377859238114767,0.09786750438379598,0.016423240854677914,0,0.09511256653356702,0.00922105777221914,0.0339147677922979,0.008191621882118034
Togo,TGO,Sub-Saharan Africa,Low income,0.5,0.4893992932862191,0.35654008438818563,0.0010951402907708604,0.15529732232847276,0.3218150733736373,0.04978902779881755,0.25,0.07236978840588172,0.0040789249335109615,0.010644684885635334,0.004064766369363563
Tanzania,TZA,Sub-Saharan Africa,Lower middle income,0.5,0.5445046911173388,0.43670886075949367,0.004963621882899864,0.16666038200368394,0.21057692414945736,0.08854268006816915,0.5,0.2684552053111624,0.024985148235209937,0.06831431111705076,0.03071238223018148
Samoa,WSM,East Asia & Pacific,Lower middle income,0.5,0.8998720604362128,0.03164556962025317,0.00006084112936366683,0.169997203534269,0.3610964330963425,0.2677702091205685,1,0.7749723791634546,0.0000658438334869717,0.00000021610757880985548,0.0000614783440338145
Armenia,ARM,Europe & Central Asia,Upper middle income,0.5714285714285714,0.9583587181674179,0.01476793248945148,0.002747990901303547,0.4538465836586099,0.13743673154767627,0.5089256922093941,0.75,0.9561758401383003,0.0014305194393478611,0.00029041338195515744,0.00306691678665998
Bangladesh,BGD,South Asia,Lower middle income,0.5714285714285714,0.8631351285487999,0.26371308016877637,0.030684207583733483,0.03873747865791997,0.07648107177027826,0.1275559849549128,0.25,0.48772338190492814,0.06289972624709753,0.06310613446213602,0.10159422277959149
Bolivia,BOL,Latin America & Caribbean,Lower middle income,0.5714285714285714,0.8185999756305593,0.29535864978902954,0.009460795124973368,0.1968021673132295,0.5767519580281663,0.06296657224434392,0.75,0.6835458555443434,0.006970066022754603,0.004801840278111964,0.008141397872696271
Central African Republic,CAF,Sub-Saharan Africa,Low income,0.5714285714285714,0.2064091629097113,0.7953586497890296,0.000020280375195384197,0.163078774185088,0.13637041734458155,0.16280428045937076,0.25,0.21721005691456277,0.012042391945028158,0.014158225269063456,0.0037528766900913457
Ethiopia,ETH,Sub-Saharan Africa,Low income,0.5714285714285714,0.6508468380650664,0.32067510548523204,0.005070093874396362,0.1156320370990036,0.3021520847947976,0.056799741328605435,0.5,0.028505463399106683,0.04901049954189616,0.11333414196203989,0.047509027048801715
Georgia,GEO,Europe & Central Asia,Upper middle income,0.5714285714285714,0.9082795174850739,0.1139240506329114,0.003934392954115167,0.3217518920842881,0.1585157075414254,0.6140863487261078,0.75,0.6115686121185494,0.002568210404071286,0.0004434498214455654,0.005085807824809077
Ghana,GHA,Sub-Saharan Africa,Lower middle income,0.5714285714285714,0.5930608017545997,0.08649789029535865,0.00788399609235587,0.1452911419960919,0.3090958324606823,0.18510224496980884,1,0.1127475818649713,0.01406549222491406,0.031059175926864274,0.017742861292373215
Honduras,HND,Latin America & Caribbean,Lower middle income,0.5714285714285714,0.9582064091629097,0.24683544303797467,0.00471011718729129,0.35391398742689656,0.4248066033378833,0.16715352757666477,0.5,0.7561049296934654,0.010962082100245876,0.0018852123474400217,0.0060407801333076504
India,IND,South Asia,Lower middle income,0.5714285714285714,0.7717801876446935,0.2616033755274262,1,0.09800657129933084,0.24388233086366976,0.15981823666761094,0.75,0.48727070357238716,0.9682208423946226,0.7642944526697923,1
Lesotho,LSO,Sub-Saharan Africa,Lower middle income,0.5714285714285714,0.18484220787132927,0.35443037974683544,0.00026871498550451965,0.4118016296995725,0.5511103606411336,0.78156443820534,0.75,0.538981510446559,0.0029759113040754162,0.005064112220690598,0.001709133881878516
Madagascar,MDG,Sub-Saharan Africa,Low income,0.5714285714285714,0.6737541123431215,0.6434599156118144,0.0014449767997220032,0.09743967149526749,0.05961894267196087,0.016066212702001138,0,0.0781246266783313,0.009961586819131233,0.027774474300531454,0.014360994277429272
Mali,MLI,Sub-Saharan Africa,Low income,0.5714285714285714,0.425947362008042,0.025316455696202535,0.0015920095038341043,0.10981009830603643,0.1939767950032302,0.18987341791742654,0.5,0.1984359218176734,0.01307767834188722,0.04308527307905811,0.011438693325139252
Myanmar,MMR,East Asia & Pacific,Lower middle income,0.5714285714285714,0.6800901669306691,0.07594936708860758,0.006854767163571168,0.06830494370708355,0.08840805576287063,0.008016877095119739,0.25,1,0.034681737135588836,0.02943433808932129,0.0491971440261793
Mongolia,MNG,East Asia & Pacific,Lower middle income,0.5714285714285714,0.7911234312172536,0.1877637130801688,0.009278271434681202,0.11515005331848752,0.3415600305544449,0.12106459213661004,0.75,0.73329065153444,0.003060424299581261,0.0008408369025920839,0.0028716369546928633
Malawi,MWI,Sub-Saharan Africa,Low income,0.5714285714285714,0.528085780431339,0.25949367088607594,0.0004563084626724734,0.5218135011955558,0.383924752483452,0.17689061680411938,0.25,0.32853628956732683,0.007234422780545659,0.023203428858339713,0.00913915090278255
Nepal,NPL,South Asia,Lower middle income,0.5714285714285714,0.7984342634336541,0.09071729957805907,0.0030471265194851574,0.14567612992786097,0.17022438479860683,0.06656930067534765,0.5,0.5080445563906232,0.015386456183439175,0.014367936633315698,0.02063216374964322
Senegal,SEN,Sub-Saharan Africa,Lower middle income,0.5714285714285714,0.7111002802485681,0.20042194092827004,0.004020584589303831,0.1324489908933956,0.40802024951663124,0.2621876082014877,0.75,0.27958206619984094,0.005432216562034961,0.014103105097922279,0.007906582566757863
Sierra Leone,SLE,Sub-Saharan Africa,Low income,0.5714285714285714,0.27829901303765087,0.4831223628691983,0.00048672899713419376,0.5211971486429198,0.11334301921189557,0.1301525575589355,0.5,0.1497570105079971,0.004947042674994136,0.014452192623583505,0.005061464284975479
Sao Tome and Principe,STP,Sub-Saharan Africa,Lower middle income,0.5714285714285714,0.7950530035335687,0.21940928270042195,0.000020280375195384197,0.3246959306585621,0.430577634841458,0.42677703329341826,0.75,0.40484853604351223,0.000008234074145003952,0.000059457788043164696,0.0000164384642788831
Chad,TCD,Sub-Saharan Africa,Low income,0.5714285714285714,0.2982514926282443,0.4873417721518988,0.0010697898453860969,0.11516579763338573,0.1553067153860728,0.01716975180261787,0,0.09671055646779124,0.009572425123373335,0.033942392730491246,0.008445846077329122
Togo,TGO,Sub-Saharan Africa,Low income,0.5714285714285714,0.5045997319361519,0.35654008438818563,0.000846705684239241,0.16265171498864864,0.2954774440010027,0.051574164693026114,0.25,0.07572159338730798,0.004064832693711614,0.010419946556182266,0.00412645504398155
Tanzania,TZA,Sub-Saharan Africa,Lower middle income,0.5714285714285714,0.5727732423540881,0.42616033755274263,0.005440210981416211,0.14655928493601122,0.20050972232498696,0.07887050012588737,0.5,0.28624910806194365,0.025439940942874165,0.06503170422839805,0.0314290859622434
Samoa,WSM,East Asia & Pacific,Lower middle income,0.5714285714285714,0.9064213476300718,0.025316455696202535,0.00006084112936366683,0.24416019451929744,0.31743066676348003,0.265076272588787,1,0.7738306782319909,0.00005407789174225629,0.0000003582257831797259,0.00006330938220907832
Bolivia,BOL,Latin America & Caribbean,Lower middle income,0.6428571428571429,0.8314853174119655,0.27637130801687765,0.010307500846987729,0.21420362399432682,0.6373494035419132,0.04933463184920627,0.75,0.7077827134453132,0.006932765985031618,0.004744936222339073,0.00828133265650825
Central African Republic,CAF,Sub-Saharan Africa,Low income,0.6428571428571429,0.2294992079931765,0.9578059071729957,0.000025350468049851443,0.1611830508476558,0.09911539030083898,0.16322622176639548,0.25,0.2109492879812735,0.013270203142764322,0.01385403883424328,0.0037568414463283835
Ethiopia,ETH,Sub-Saharan Africa,Low income,0.6428571428571429,0.6686974533934446,0.28270042194092826,0.006215935214592339,0.113389550733498,0.31137268141382723,0.05718922799304387,0.5,0.03225780632393168,0.04925813344854267,0.10840430767671498,0.04874637146326979
Ghana,GHA,Sub-Saharan Africa,Lower middle income,0.6428571428571429,0.6037833556719873,0.0970464135021097,0.007610211040439497,0.11700597661706554,0.2933511895140953,0.19552094359838124,0.75,0.12097465720044431,0.014557158787896115,0.03030146584226616,0.018305892406209813
Honduras,HND,Latin America & Caribbean,Lower middle income,0.6428571428571429,0.9651212379675888,0.2552742616033755,0.004755748109864327,0.32345744410359,0.5330968573869026,0.2135670249192841,0.5,0.7628569375421035,0.011072242972186532,0.0018467448728260616,0.0061883735218232604
Lesotho,LSO,Sub-Saharan Africa,Lower middle income,0.6428571428571429,0.22224929937857923,0.4978902953586498,0.00026871498550451965,0.3916556748394645,0.5427639258052425,0.7699124012516803,0.5,0.5727955632908172,0.0030023245473095347,0.005073474074261447,0.001733726365101415
Madagascar,MDG,Sub-Saharan Africa,Low income,0.6428571428571429,0.6865480687218227,0.7405063291139241,0.0014855375123376312,0.13475404151913808,0.1134695627560423,0.028886725125675593,0.25,0.08401364991389351,0.010425846492174947,0.027246727058024254,0.01471181592530342
Mali,MLI,Sub-Saharan Africa,Low income,0.6428571428571429,0.4398988668210065,0.023206751054852322,0.0016731310499458138,0.13763510283381927,0.22637323833502393,0.19084713457852262,0.5,0.210828063177386,0.012367477448704527,0.04348474614776619,0.011792526194887748
Myanmar,MMR,East Asia & Pacific,Lower middle income,0.6428571428571429,0.6940112099427318,0.05485232067510548,0.008598879740130377,0.13286624203173497,0.0705852920431551,0.008276533581686908,0.5,0.9995787108830553,0.03383681407042846,0.02733545773681842,0.04956973262302196
Mongolia,MNG,East Asia & Pacific,Lower middle income,0.6428571428571429,0.8001705860850493,0.16033755274261602,0.009146449843963173,0.12112647985220151,0.3214274116029026,0.13956508488382519,0.75,0.7581363155953211,0.00306362291446939,0.0008034576171386168,0.0029027096309060295
Malawi,MWI,Sub-Saharan Africa,Low income,0.6428571428571429,0.5619288412330937,0.2721518987341772,0.0003903972442318535,0.42075278396153953,0.33256575056272397,0.17520285157602028,0.25,0.33293500865677755,0.0072284062569415285,0.022160790495163857,0.009275201081804635
Nepal,NPL,South Asia,Lower middle income,0.6428571428571429,0.8094614353600587,0.07594936708860758,0.0035744162670101197,0.16978300301507718,0.21068385726861305,0.07932489607549865,0.5,0.5435386721971486,0.015739721673015322,0.01371256789445597,0.021051094470909786
Senegal,SEN,Sub-Saharan Africa,Lower middle income,0.6428571428571429,0.7242293164371879,0.19620253164556964,0.004304509577613206,0.13300685721613273,0.4110189235820729,0.2319376836194532,0.75,0.2912276969308586,0.0058483866465113615,0.013464727542733451,0.008328575938693654
Sierra Leone,SLE,Sub-Saharan Africa,Low income,0.6428571428571429,0.29782502741562084,0.4746835443037975,0.0005425000374209051,0.9628681096548776,0.13857203280380118,0.13567023371614215,0.5,0.1543854369034807,0.0050001031933018985,0.015146268712399852,0.0051643349379712255
Sao Tome and Principe,STP,Sub-Saharan Africa,Lower middle income,0.6428571428571429,0.805927866455465,0.22151898734177217,0.000020280375195384197,0.25939442814871794,0.23536214298814967,0.4285946170918635,0.75,0.4242641212481614,0.000015197689732587133,0.00004678574427975434,0.0000237441553612649
Chad,TCD,Sub-Saharan Africa,Low income,0.6428571428571429,0.310527598391617,0.5168776371308017,0.0011052804689247698,0.1263550495337571,0.1329649809969568,0.017721519418338594,0.25,0.09850451947959361,0.009709883418746746,0.03400072220092331,0.008649158979912563
Togo,TGO,Sub-Saharan Africa,Low income,0.6428571428571429,0.5173936883148531,0.37341772151898733,0.0007655841985677609,0.16977662777731214,0.32763866846489087,0.053391756229820946,0.25,0.07908857083645943,0.004225745580953107,0.010092842339960675,0.004241900985130818
Tanzania,TZA,Sub-Saharan Africa,Lower middle income,0.6428571428571429,0.5998842451565736,0.4219409282700422,0.005389509848885777,0.11237649200131104,0.20290867432517892,0.052580328258357796,0.5,0.3041144491790541,0.024773149720460113,0.06334657139960971,0.031481510901557416
Samoa,WSM,East Asia & Pacific,Lower middle income,0.6428571428571429,0.9124527842086025,0.033755274261603366,0.00006591121844062004,0.2527102803975066,0.38337489571338557,0.26679650793617377,1,0.7726924292517341,0.00005502084952270752,0.0000005977755400299731,0.00006548327901684939
Bolivia,BOL,Latin America & Caribbean,Lower middle income,0.7142857142857143,0.8432435725600097,0.2489451476793249,0.010484954327322452,0.24963135612531318,0.6979467640700685,0.08471275366236027,0.5,0.7323217016724368,0.006852391686227049,0.00462871332226578,0.008452894624437124
Central African Republic,CAF,Sub-Saharan Africa,Low income,0.7142857142857143,0.2524064822712319,1,0.00005577103273168504,0.16755667396382581,0.07149680499328635,0.16572541496595772,0.25,0.20475031700724527,0.007682160740408293,0.013441643549778013,0.003795909734203913
Djibouti,DJI,Middle East & North Africa,Lower middle income,0.7142857142857143,0.6561776532228584,0.24683544303797467,0.00019266357379993566,0.06153073016053884,0.2212090889326936,0.8382019217977152,0.25,0.5267795609520322,0.0005649010932015481,0.0011093482901626845,0.0005562117710211454
Ethiopia,ETH,Sub-Saharan Africa,Low income,0.7142857142857143,0.683958815645181,0.25949367088607594,0.006494790476466156,0.10199742900268804,0.3234832555281401,0.05757870691913165,0.5,0.036003967222505213,0.049170400987385725,0.10461318296885011,0.04939765006217187
Ghana,GHA,Sub-Saharan Africa,Lower middle income,0.7142857142857143,0.6146277567929815,0.10970464135021098,0.007960047307629722,0.14522127311421804,0.29640425435741063,0.20480363687622458,0.75,0.12917825383129183,0.015320370049706674,0.02972816377331745,0.01890181730307301
Honduras,HND,Latin America & Caribbean,Lower middle income,0.7142857142857143,0.971731448763251,0.25316455696202533,0.0049940426591225,0.3001407053622388,0.47275343380294477,0.18338202509912346,0.5,0.7693353090390931,0.011776894506704364,0.0018195719291280584,0.006337637769246759
Lesotho,LSO,Sub-Saharan Africa,Lower middle income,0.7142857142857143,0.25718898501279386,0.5864978902953587,0.000288995341812332,0.381961335543742,0.7032936324918186,0.7575787084668019,0.5,0.6062105947257902,0.0030151955794915767,0.004933917660410554,0.0017466504459791583
Madagascar,MDG,Sub-Saharan Africa,Low income,0.7142857142857143,0.6989155598879006,0.7953586497890296,0.0016224300382958227,0.16419489384830735,0.09822127815034827,0.04186952236980742,0.25,0.08985290720301155,0.010320845105581237,0.026777940678223634,0.015037557917508338
Mali,MLI,Sub-Saharan Africa,Low income,0.7142857142857143,0.454307298647496,0.018987341772151896,0.0018100235759040053,0.11760059717606695,0.2400370728391849,0.23466407479382093,0.5,0.22324390017571288,0.013138502354189546,0.04356528614583234,0.01226945029999175
Myanmar,MMR,East Asia & Pacific,Lower middle income,0.7142857142857143,0.707170707932253,0.03586497890295359,0.009612898522564674,0.19156004713904282,0.08840805576287063,0.008763388043059655,0.5,0.999091637100292,0.034270843372631185,0.02571442347405894,0.04991718626175731
Mongolia,MNG,East Asia & Pacific,Lower middle income,0.7142857142857143,0.8077251127086634,0.12447257383966245,0.008730701330848405,0.12446988284958782,0.27765201385838817,0.14151250272931604,0.75,0.7833309257310987,0.003032316212864131,0.0007324727892157021,0.0029529613327558034
Malawi,MWI,Sub-Saharan Africa,Low income,0.7142857142857143,0.5896795418545145,0.2848101265822785,0.00043095798706759307,0.4002538451014077,0.40107828654814603,0.17409931634457881,0.25,0.3373377006874968,0.007597514371918633,0.021481334918367623,0.009449751235793485
Nepal,NPL,South Asia,Lower middle income,0.7142857142857143,0.8200316802729377,0.05907172995780591,0.0036048368014718383,0.19092921470990382,0.19169280726048923,0.08438818402144502,0.5,0.5796822559568118,0.02495359851436732,0.013134015713685412,0.02155416710995345
Senegal,SEN,Sub-Saharan Africa,Lower middle income,0.7142857142857143,0.7357134153771171,0.1729957805907173,0.004669556474675667,0.13227693904242308,0.3875079999326488,0.20318079640999964,0.75,0.3030114091950387,0.005895157424320925,0.013252183378476865,0.008514725511211456
Sierra Leone,SLE,Sub-Saharan Africa,Low income,0.7142857142857143,0.31515779212867073,0.4915611814345992,0.0004208178089136871,1,0.17371586905653938,0.13768257632350717,0.5,0.1590142182343339,0.004918106489440838,0.014257258581615249,0.005222654902897919
Sao Tome and Principe,STP,Sub-Saharan Africa,Lower middle income,0.7142857142857143,0.8158279517485072,0.21940928270042195,0.000020280375195384197,0.18410610323043505,0.24565835973242514,0.4323596342124975,0.75,0.4437152698616892,0.0000154478988882082,0.00004306641482358203,0.000025582157852501524
Chad,TCD,Sub-Saharan Africa,Low income,0.7142857142857143,0.32112830510539786,0.5379746835443038,0.0011711917478056152,0.13992967420984784,0.1151422279004401,0.0185329435206264,0.25,0.10050878237748011,0.01061805277967291,0.033815300066884296,0.008941196155347324
Togo,TGO,Sub-Saharan Africa,Low income,0.7142857142857143,0.5279639332277324,0.379746835443038,0.0008872664572950932,0.1633408274186503,0.3565160072218633,0.055176893124029826,0.25,0.08246830173897982,0.004186314271708428,0.00975293014790162,0.004354612134178195
Tanzania,TZA,Sub-Saharan Africa,Lower middle income,0.7142857142857143,0.6249543072986474,0.4219409282700422,0.005886378820188088,0.09260767862649219,0.27508999575656373,0.05332683920629776,0.5,0.3220564974576377,0.025942245349425158,0.06118696343372159,0.032432526571986094
Samoa,WSM,East Asia & Pacific,Lower middle income,0.7142857142857143,0.9179663701718046,0.04008438818565402,0.00008112150078153684,0.2083260515358199,0.3341599952535551,0.2596884304786267,1,0.7715620059255386,0.00005646818006944664,0.0000007296784897329362,0.00006795886669584472
Bangladesh,BGD,South Asia,Lower middle income,0.7857142857142857,0.8891799683197269,0.2278481012658228,0.03767079637579785,0.02891012542282717,0.038106858862995724,0.12495942782759176,0.25,0.5416040184677429,0.0587829902524229,0.05492768994057742,0.10786740737045082
Central African Republic,CAF,Sub-Saharan Africa,Low income,0.7857142857142857,0.2740952845132205,0.9725738396624474,0.00006591121844062004,0.18973039882701512,0.05758260293972605,0.16721843686183763,0.25,0.19861145870288774,0.007530006252101277,0.013103497416527785,0.003839287120471916
Djibouti,DJI,Middle East & North Africa,Lower middle income,0.7857142857142857,0.6844462044596075,0.23417721518987342,0.00017238318727200852,0.04268515492402613,0.2509864888314859,0.8339175994422925,0.25,0.54085499192751,0.0005419462006528812,0.0010722098161110665,0.0005757678175265997
Ethiopia,ETH,Sub-Saharan Africa,Low income,0.7857142857142857,0.6971792372365053,0.25105485232067515,0.00754936997151605,0.08993543638985327,0.35231963123052623,0.05803311060709327,0.5,0.03968913459486693,0.051187667008095517,0.10075015344966892,0.050321218786426154
Ghana,GHA,Sub-Saharan Africa,Lower middle income,0.7857142857142857,0.6253503107103693,0.10970464135021098,0.008107080011741808,0.08242495541344474,0.29288245149009284,0.16316131248122295,0.5,0.13735245425133347,0.01572814985906376,0.028907196436413467,0.019518564927769308
Honduras,HND,Latin America & Caribbean,Lower middle income,0.7857142857142857,0.9780065797489945,0.23839662447257387,0.00476081831982174,0.3113558971946371,0.3610625663385569,0.20220707974890353,0.5,0.7765911111408305,0.006662328174120006,0.0017910521997430541,0.006495347300616024
Lesotho,LSO,Sub-Saharan Africa,Lower middle income,0.7857142857142857,0.2882904837333983,0.6223628691983123,0.00030927572834025917,0.3692049529861994,0.5928592769819027,0.7456994735383373,0.5,0.6392284451183783,0.0029862498672965773,0.004626302888448421,0.0017387986948319502
Madagascar,MDG,Sub-Saharan Africa,Low income,0.7857142857142857,0.7108565858413548,0.8248945147679325,0.0015717291475262902,0.17960683249419696,0.140734831094592,0.042356376831179966,0.25,0.09564386043682833,0.010311963579296472,0.026292874641833153,0.015389551919377222
Mali,MLI,Sub-Saharan Africa,Low income,0.7857142857142857,0.46886803947849404,0.012658227848101267,0.002327173145275063,0.0993236381537851,0.17705673760183765,0.2294709605391785,0.5,0.23567286978271776,0.014053089615906981,0.04286574208759161,0.013089763561886049
Myanmar,MMR,East Asia & Pacific,Lower middle income,0.7857142857142857,0.7192031192884123,0.02109704641350211,0.011042664851070085,0.17184078935667293,0.0705852920431551,0.02197338713117249,0.5,0.9985298754717153,0.033539031023127636,0.023911983096782448,0.050506325112653024
Mongolia,MNG,East Asia & Pacific,Lower middle income,0.7857142857142857,0.8141220908980138,0.10337552742616035,0.009171799926706541,0.13449529228042367,0.36315499656047406,0.21876013917392648,0.75,0.808871552374581,0.0030185987475543448,0.0006970159658526758,0.003048218463661377
Malawi,MWI,Sub-Saharan Africa,Low income,0.7857142857142857,0.6118557329109295,0.28691983122362874,0.000527289770190046,0.4839539124806017,0.32443233210924016,0.17257383980611266,0.25,0.3417400074643612,0.0072801876887899535,0.021083233054282006,0.009605771611472068
Nepal,NPL,South Asia,Lower middle income,0.7857142857142857,0.8301754599731935,0.04219409282700422,0.005237406934816247,0.18863673377098245,0.2490990438536807,0.07685816525687332,0.5,0.616466263700331,0.015800592599534327,0.01254505048487073,0.022006701768430992
Senegal,SEN,Sub-Saharan Africa,Lower middle income,0.7857142857142857,0.7457962714755697,0.14767932489451477,0.005095444440661554,0.12568454697381817,0.3569161193815961,0.12852970161600888,0.75,0.3149342174419258,0.006069046855794998,0.012889119146028895,0.008780226953222054
Sierra Leone,SLE,Sub-Saharan Africa,Low income,0.7857142857142857,0.3304800779822104,0.49367088607594933,0.00043095798706759307,0.7895782462918011,0.1739778583854298,0.13511847383877207,0.5,0.1636439216653228,0.004958136898624945,0.013426595136612209,0.005314000519556022
Sao Tome and Principe,STP,Sub-Saharan Africa,Lower middle income,0.7857142857142857,0.8247532594126965,0.21940928270042195,0.000025350468049851443,0.2431488651880834,0.3622584835670537,0.43472899336501536,0.75,0.4631983567341859,0.000015586125066852304,0.00003984922007689296,0.000027499734865297214
Chad,TCD,Sub-Saharan Africa,Low income,0.7857142857142857,0.3302973071768004,0.5485232067510548,0.0010799300235400013,0.16844561042167622,0.1062308301057841,0.019604024109481272,0.25,0.10273433005394154,0.01012087640257645,0.03396657199409846,0.009194673520390512
Togo,TGO,Sub-Saharan Africa,Low income,0.7857142857142857,0.5368892408919215,0.39451476793248946,0.0011255608252325787,0.18477505771939348,0.22978630213939072,0.08003895238085201,0.25,0.08586275787672006,0.004287852813917773,0.009304374082862277,0.004491358538752709
Tanzania,TZA,Sub-Saharan Africa,Lower middle income,0.7857142857142857,0.6472828073595711,0.42616033755274263,0.005637944334536907,0.10959339435038143,0.2668113369290382,0.05381369753684596,0.5,0.34007640447739906,0.02619644419069146,0.05989937030442637,0.03307853973592304
Samoa,WSM,East Asia & Pacific,Lower middle income,0.7857142857142857,0.9229925673205798,0.046413502109704644,0.000111542073018399,0.18870190539412604,0.2723444087794155,0.25339176551584186,1,0.7704369925322627,0.00005815475514645273,0.0000008599128121795526,0.00007049935850298894
Central African Republic,CAF,Sub-Saharan Africa,Low income,0.8571428571428571,0.29380406969660056,0.9198312236286921,0.00007098131507260181,0.25584464509700905,0.05754349894493026,0.16708860281479093,0.25,0.19252049210500854,0.009262312624483774,0.012751383896384513,0.0038961156503472026
Djibouti,DJI,Middle East & North Africa,Lower middle income,0.8571428571428571,0.7096990374070915,0.2320675105485232,0.00017238318727200852,0.02846932249552584,0.23531758929236857,0.8296007760141837,0.25,0.5549228181905312,0.00055685413667939,0.001028258947445169,0.000599806864278997
Ethiopia,ETH,Sub-Saharan Africa,Low income,0.8571428571428571,0.7090593395881564,0.27848101265822783,0.00798032766393752,0.08198024171242528,0.40471945167722,0.05839013489059478,0.5,0.043311106813684226,0.05092308556535868,0.09626322529819158,0.05170945268889554
Ghana,GHA,Sub-Saharan Africa,Lower middle income,0.8571428571428571,0.6356768612160351,0.0970464135021097,0.008583669110258145,0.07681649452611736,0.216164344284913,0.12074001475734414,0.75,0.14549165441964657,0.01598846444480625,0.028094711138835753,0.02002663110499238
Honduras,HND,Latin America & Caribbean,Lower middle income,0.8571428571428571,0.9840075545266235,0.22573839662447256,0.0046543463283252665,0.2734108755303364,0.34122582472008833,0.16325869188568304,0.5,0.7835819491973913,0.006773783770592227,0.001759176453963278,0.006658361580308052
Lesotho,LSO,Sub-Saharan Africa,Lower middle income,0.8571428571428571,0.31534056293408075,0.569620253164557,0.0003143458174172124,0.4410907683662378,0.6281608464904753,0.7367738122823484,0.5,0.6718482601494266,0.002975014721267774,0.0043398251877176,0.0017352202314820664
Madagascar,MDG,Sub-Saharan Africa,Low income,0.8571428571428571,0.7224320701839895,0.8396624472573839,0.0017187618516383914,0.15727029603168113,0.1419988430274188,0.0429406029586623,0.25,0.10138584577991358,0.010559973878164153,0.02570299235989732,0.01577948116848452
Mali,MLI,Sub-Saharan Africa,Low income,0.8571428571428571,0.48303277689777013,0.012658227848101267,0.0025857478090801278,0.09393691461793348,0.2389899653795261,0.2242778308078348,0.5,0.24810447779491046,0.015422375397359373,0.04251778829240551,0.013623208283439606
Myanmar,MMR,East Asia & Pacific,Lower middle income,0.8571428571428571,0.7299561350067018,0.010548523206751054,0.01643724446416655,0.17006309722968108,0.10857808962059885,0.03440441289040825,0.25,0.9978850007690829,0.04178409118349251,0.02242212979720087,0.051093821044322675
Mongolia,MNG,East Asia & Pacific,Lower middle income,0.8571428571428571,0.8198489094675276,0.08016877637130801,0.00988668309095927,0.11184278478768976,0.2638705805434737,0.19019799529669212,0.75,0.8347553293834521,0.003065903376795083,0.0006761674043438093,0.0031448322350766593
Malawi,MWI,Sub-Saharan Africa,Low income,0.8571428571428571,0.6300718898501281,0.2974683544303798,0.0005627804541689486,0.4843811779060774,0.26051632676768344,0.17072380136508225,0.25,0.34614252315998273,0.007249136768526971,0.020103256202783273,0.00974504161217592
Nepal,NPL,South Asia,Lower middle income,0.8571428571428571,0.8399536980626293,0.03586497890295359,0.0062869162199087475,0.15063508464452655,0.32609431031564157,0.0914638145747561,0.5,0.6538822383127811,0.01586070894413142,0.011988258098883906,0.022477235227637088
Senegal,SEN,Sub-Saharan Africa,Lower middle income,0.8571428571428571,0.7549957353478736,0.12658227848101267,0.0049281313802416495,0.11141055037913697,0.3134178596474659,0.10353781605049066,0.75,0.3269971890912914,0.006128449780752251,0.012763544607639418,0.00886873867020481
Sierra Leone,SLE,Sub-Saharan Africa,Low income,0.8571428571428571,0.34421835018886326,0.5210970464135021,0.00043602807614454627,0.40384902939424566,0.3166250883518167,0.13511847383877207,0.5,0.16828607344814292,0.006597802612146916,0.0130378318467123,0.00544346538150472
Sao Tome and Principe,STP,Sub-Saharan Africa,Lower middle income,0.8571428571428571,0.8327647130498357,0.2109704641350211,0.00003042056468183323,0.24477422388289555,0.3500792835884703,0.4373255504923348,0.75,0.4827104838366539,0.000016904396580735146,0.000035729338682745785,0.000030292590406272507
Chad,TCD,Sub-Saharan Africa,Low income,0.8571428571428571,0.3386438406238578,0.5611814345991561,0.001049509489078283,0.1417307763095091,0.12002743334858998,0.02009087857085415,0.25,0.10519239625698919,0.010432172002516515,0.03429748768055935,0.009471934848660228
Togo,TGO,Sub-Saharan Africa,Low income,0.8571428571428571,0.5450834653344705,0.39029535864978904,0.0010089486555822011,0.2465583686512015,0.23638428593061986,0.10516066425506627,0.5,0.08926782659943798,0.00438664300987033,0.00880873757769042,0.00462350021178215
Tanzania,TZA,Sub-Saharan Africa,Lower middle income,0.8571428571428571,0.666626050932131,0.43248945147679324,0.005957360309026371,0.11603849937343287,0.29608878784574355,0.05443038217608988,0.5,0.3581812989157284,0.02659926367543754,0.05829793073153818,0.03372111092061958
Samoa,WSM,East Asia & Pacific,Lower middle income,0.8571428571428571,0.9275922992567323,0.044303797468354424,0.00011661216209535221,0.19641547596209835,0.2740464576917038,0.2621876082014877,1,0.7693125591978214,0.00005964648343847804,0.0000008987389195589463,0.0000730787927870225
Central African Republic,CAF,Sub-Saharan Africa,Low income,0.9285714285714286,0.3110149872060436,0.9345991561181435,0.00007605141170458361,0.49021350501312044,0.04081021862490061,0.16569296032337144,0.25,0.1864760457377634,0.007532770775674159,0.012454633800677814,0.003956632795149859
Djibouti,DJI,Middle East & North Africa,Lower middle income,0.9285714285714286,0.7306872182283415,0.22362869198312235,0.0001622430091181021,0.017523165913325166,0.22455084982669116,0.8337877189651435,0.25,0.5689833073801376,0.0005729047304661595,0.0009847465207654328,0.0006248728385701061
Ethiopia,ETH,Sub-Saharan Africa,Low income,0.9285714285714286,0.7202692823199706,0.33122362869198313,0.008700281038147645,0.07412218470003691,0.35295855289936046,0.0590068195298387,0.5,0.046877831329691616,0.05171332804387823,0.09263639757771455,0.05290123794937452
Ghana,GHA,Sub-Saharan Africa,Lower middle income,0.9285714285714286,0.6453332521018643,0.07805907172995781,0.009430374832272558,0.08389081895330018,0.24757699442191805,0.12255761403248962,0.75,0.15359036616768001,0.015511506836862721,0.027020261333076834,0.020116068293029084
Honduras,HND,Latin America & Caribbean,Lower middle income,0.9285714285714286,0.9897952966979405,0.22362869198312235,0.005054883728045957,0.28580371851715924,0.4409843328532886,0.16715352757666477,0.5,0.790316251050681,0.006870714473933508,0.0017332902253710473,0.00683266081287703
Lesotho,LSO,Sub-Saharan Africa,Lower middle income,0.9285714285714286,0.33843060801754593,0.5527426160337553,0.0003295561148681863,0.485122297943053,0.5504954474015948,0.7242129215226619,0.5,0.7040602072205501,0.0029887348827969088,0.004189060645284049,0.001747565944462305
Madagascar,MDG,Sub-Saharan Africa,Low income,0.9285714285714286,0.7337029365176068,0.8818565400843882,0.0016579206618344956,0.12227943115523418,0.15471768025881952,0.043589746109668134,0.25,0.10707926010820817,0.0106680192964033,0.025223199918204965,0.016184036346523083
Mali,MLI,Sub-Saharan Africa,Low income,0.9285714285714286,0.4964664310954064,0.018987341772151896,0.002732780513192229,0.0970894761881427,0.24930891576924108,0.22486206080449245,0.5,0.2603882244715383,0.01718800596241228,0.04242531113843859,0.013943587999599284
Myanmar,MMR,East Asia & Pacific,Lower middle income,0.9285714285714286,0.7393688314853175,0.002109704641350213,0.01666032790003066,0.16028015143910185,0.0935303285155186,0.012009088321386462,0.25,0.9971475071018242,0.030994043515808343,0.021250123414012025,0.051670947933688226
Mongolia,MNG,East Asia & Pacific,Lower middle income,0.9285714285714286,0.825332033629828,0.06329113924050633,0.010885491243521285,0.10368962376758963,0.45137054933782744,0.15839013953360523,0.5,0.8610131601805697,0.0030714444670539415,0.0006492745051372922,0.0032370530890539714
Malawi,MWI,Sub-Saharan Africa,Low income,0.9285714285714286,0.6458815645180943,0.3016877637130802,0.0006591122070712879,0.42708252900851723,0.19739072990989767,0.17065887660320805,0.25,0.3505432164358539,0.007397282338157394,0.019114904877368968,0.010019798712532316
Nepal,NPL,South Asia,Lower middle income,0.9285714285714286,0.8493663945412451,0.03797468354430379,0.0076609116894481065,0.14017314409624176,0.2964399058125948,0.08740669019414142,0.5,0.6919204233404782,0.015746531244604078,0.011477085330914004,0.02290187932537545
Senegal,SEN,Sub-Saharan Africa,Lower middle income,0.9285714285714286,0.7636773486048497,0.11181434599156118,0.005120795006926797,0.12446536637956648,0.33420367784703464,0.09006816434498596,0.75,0.33920126488739705,0.0059980075873697575,0.012253445336770509,0.008879489060319634
Sierra Leone,SLE,Sub-Saharan Africa,Low income,0.9285714285714286,0.3568295357621542,0.5316455696202531,0.0003954673333088067,0.34377271570884377,0.5241418407379602,0.13502109443431198,0.5,0.17294215256729,0.005152187040661961,0.01262958460681341,0.005572993087133056
Sao Tome and Principe,STP,Sub-Saharan Africa,Lower middle income,0.9285714285714286,0.8399841598635311,0.21729957805907174,0.00003042056468183323,0.21136522719109727,0.36778977072003155,0.44014930559446225,0.75,0.5022491887505146,0.000017307211751530266,0.000032754094888227076,0.00003254659745221594
Chad,TCD,Sub-Saharan Africa,Low income,0.9285714285714286,0.34671621786279994,0.5864978902953587,0.0010697898453860969,0.12060531580250697,0.10261994109330087,0.020447906723530994,0.25,0.10789907259233297,0.010977224427607823,0.03441592224431537,0.00976029498888826
Togo,TGO,Sub-Saharan Africa,Low income,0.9285714285714286,0.5533386133788228,0.38396624472573837,0.0011306309143095336,0.22456061940350822,0.2616400487371117,0.10480363997156476,0.5,0.09268056575951254,0.004360352174994673,0.008399711292353942,0.004700383787583687
Tanzania,TZA,Sub-Saharan Africa,Lower middle income,0.9285714285714286,0.6829535762154259,0.4388185654008439,0.00604355194421501,0.11988463788044339,0.23067297805071857,0.055371636456249054,0.25,0.37637420199225025,0.026722768855930033,0.05579270321720269,0.03425950582851584
Samoa,WSM,East Asia & Pacific,Lower middle income,0.9285714285714286,0.9318874131838674,0.04219409282700422,0.00010647196883138864,0.19124100432462396,0.305146297116742,0.26569295722803093,1,0.7681506713825489,0.0000612368933586901,0.000000634444641443842,0.00007592427218301122
Bangladesh,BGD,South Asia,Lower middle income,1,0.9137321798464723,0.17932489451476794,0.04596547032556434,0.02948734966950643,0.019462465078225882,0.12781565304900622,0.25,0.5941061017367186,0.057347077475636526,0.04746998613069338,0.11634033087311807
Central African Republic,CAF,Sub-Saharan Africa,Low income,1,0.3255757280370416,0.9852320675105486,0.00008112150078153684,0.3147130828953016,0.05888574011374635,0.1662771903200291,0.25,0.18047325174183845,0.00692954544089278,0.01223390025803643,0.0040193074767990965
Honduras,HND,Latin America & Caribbean,Lower middle income,1,0.9953393444620444,0.2278481012658228,0.005141075363234596,0.2893219615171335,0.3390719499162922,0.16877636804289003,0.25,0.7967973278626188,0.006997523961112623,0.0017473698579707512,0.007013110319420428
Lesotho,LSO,Sub-Saharan Africa,Lower middle income,1,0.35749969538199106,0.6054852320675106,0.0003498364711759992,0.5050529946158936,0.6134412147500354,0.7121064886193924,0.5,0.7358627386950508,0.003006223460236673,0.004128741519990803,0.0017685164613121598
Madagascar,MDG,Sub-Saharan Africa,Low income,1,0.7446691848422078,0.9472573839662447,0.0020483178834012615,0.09464206798622404,0.16815237236478928,0.04404414205927909,0.25,0.11272231715762658,0.01065374605041163,0.02472763862335432,0.016567730719640034
Mali,MLI,Sub-Saharan Africa,Low income,1,0.5090471548677957,0.06540084388185653,0.0029153039617234567,0.1058257841796313,0.2117507451244435,0.22531645675410342,0.5,0.27252375104385995,0.016424670854259606,0.04248105614943993,0.014254337673918416
Myanmar,MMR,East Asia & Pacific,Lower middle income,1,0.7475021323260631,0,0.018576824714010853,0.14829844200382766,0.09196102709547839,0,0.25,0.9963101288366325,0.031039089072730227,0.02028637082881789,0.052229854276856294
Mongolia,MNG,East Asia & Pacific,Lower middle income,1,0.8308456195930305,0.03164556962025317,0.011656145750261845,0.09890708364738697,0.34157069624604364,0.16030510273650983,0.5,0.8876141275777873,0.0030792656601425794,0.0006211943165905454,0.0033401187428969575
Malawi,MWI,Sub-Saharan Africa,Low income,1,0.6600463019373707,0.3185654008438819,0.0006946028910501903,0.2952486776513006,0.2319989869717624,0.17046413327098883,0.25,0.354939403234815,0.00752487930113448,0.018548706276745215,0.010267057190665613
Nepal,NPL,South Asia,Lower middle income,1,0.8585049348117462,0.04852320675105485,0.00677871546477549,0.13566416814577992,0.2791116838667762,0.08429081235533524,0.5,0.7305723137513508,0.015902384406614553,0.011014455575215921,0.023327602562417837
Senegal,SEN,Sub-Saharan Africa,Lower middle income,1,0.7720848056537103,0.10337552742616035,0.0053438789263127355,0.11872840856417377,0.3779278292805215,0.07659850490113092,0.75,0.3515475176515836,0.00596193774466191,0.011847592495588024,0.00904225728125028
Sierra Leone,SLE,Sub-Saharan Africa,Low income,1,0.3686182527111002,0.5358649789029536,0.0004157476896166191,0.36866592820288857,0.5649007174430427,0.1346640778891611,0.5,0.17760797210965762,0.0051625410622073925,0.012378879751168676,0.0056661763766106335
Sao Tome and Principe,STP,Sub-Saharan Africa,Lower middle income,1,0.8465334470573902,0.22151898734177217,0.000035490661313815016,0.19437240116636906,0.42896108143314027,0.4428432421262447,0.75,0.5218126774578171,0.000017787857787543738,0.00003069854959953606,0.00003486802237349375
Chad,TCD,Sub-Saharan Africa,Low income,1,0.35469720969903734,0.6160337552742616,0.0011002103798478152,0.13071037619170583,0.11268801402007293,0.02022070874872552,0.25,0.11086172232228632,0.011205785817820795,0.03454582821347652,0.010033680036580072
Togo,TGO,Sub-Saharan Africa,Low income,1,0.5619288412330937,0.37130801687763715,0.001161051448771252,0.2049981601014012,0.2638860054281365,0.10447907033064985,0.5,0.09609798504823476,0.004363880627383209,0.008074686348486662,0.004802656127540327
Tanzania,TZA,Sub-Saharan Africa,Lower middle income,1,0.696387230413062,0.4409282700421941,0.006271706073558342,0.10224220175860993,0.22179691301528318,0.05589094169103252,0.5,0.3946556681519061,0.026511612460356996,0.054260658799539056,0.034797629622596804
Samoa,WSM,East Asia & Pacific,Lower middle income,1,0.935969294504691,0.04008438818565402,0.000111542073018399,0.23947926956173943,0.3206610540412214,0.2566050072824068,1,0.7685925516297712,0.00006020370210401347,0.000001904147888846828,0.00007797705582720792
